BUILDING STOCK;
Construction year;Perc_buildings
<1918;0.204790123
1919-1976;0.411402866
1977-1983;0.159841239
1984-1994;0.169164792
>1995;0.177854898
