BUILDING STOCK;
Construction year;Perc_buildings
<1918;0.05
1919-1976;0.45
1977-1983;0.166666667
1984-1994;0.166666667
>1995;0.166666667
